"ISO2","Year","Implementation-Scaled","Implementation-Innovation-Scaled","Implementation-Social-Scaled","Implementation-Accountability-Scaled","Implementation-Datasets_Average-Scaled","name","region","incomeLevel"
"AE",2013,24,30,36,6,24,"United Arab Emirates","Middle East & North Africa","High income"
"AR",2013,36.75,31.25,50,29,36.75,"Argentina","Latin America & Caribbean ","Upper middle income"
"AT",2013,40,45,37,38,40,"Austria","Europe & Central Asia","High income"
"AU",2013,64.33,85,57,51,64.3333333333333,"Australia","East Asia & Pacific","High income"
"BD",2013,13.17,12.5,12,15,13.1666666666667,"Bangladesh","South Asia","Lower middle income"
"BE",2013,29.92,28.75,48,13,29.9166666666667,"Belgium","Europe & Central Asia","High income"
"BF",2013,11.33,10,13,11,11.3333333333333,"Burkina Faso","Sub-Saharan Africa ","Low income"
"BH",2013,20.5,22.5,17,22,20.5,"Bahrain","Middle East & North Africa","High income"
"BJ",2013,12,5,9,22,12,"Benin","Sub-Saharan Africa ","Lower middle income"
"BR",2013,32.33,20,41,36,32.3333333333333,"Brazil","Latin America & Caribbean ","Upper middle income"
"BW",2013,22.58,8.75,25,34,22.5833333333333,"Botswana","Sub-Saharan Africa ","Upper middle income"
"CA",2013,63.83,87.5,57,47,63.8333333333333,"Canada","North America","High income"
"CH",2013,42.33,50,44,33,42.3333333333333,"Switzerland","Europe & Central Asia","High income"
"CL",2013,39.58,38.75,26,54,39.5833333333333,"Chile","Latin America & Caribbean ","High income"
"CM",2013,10.08,11.25,9,10,10.0833333333333,"Cameroon","Sub-Saharan Africa ","Lower middle income"
"CN",2013,12.5,12.5,15,10,12.5,"China","East Asia & Pacific","Upper middle income"
"CO",2013,30.5,32.5,37,22,30.5,"Colombia","Latin America & Caribbean ","Upper middle income"
"CR",2013,35.58,28.75,37,41,35.5833333333333,"Costa Rica","Latin America & Caribbean ","Upper middle income"
"CZ",2013,40.08,36.25,57,27,40.0833333333333,"Czech Republic","Europe & Central Asia","High income"
"DE",2013,62.42,76.25,54,57,62.4166666666667,"Germany","Europe & Central Asia","High income"
"DK",2013,67.83,67.5,66,70,67.8333333333333,"Denmark","Europe & Central Asia","High income"
"EC",2013,23.83,17.5,25,29,23.8333333333333,"Ecuador","Latin America & Caribbean ","Upper middle income"
"EE",2013,47.5,27.5,61,54,47.5,"Estonia","Europe & Central Asia","High income"
"ES",2013,48.83,47.5,56,43,48.8333333333333,"Spain","Europe & Central Asia","High income"
"ET",2013,13.42,11.25,10,19,13.4166666666667,"Ethiopia","Sub-Saharan Africa ","Low income"
"FI",2013,43.75,76.25,32,23,43.75,"Finland","Europe & Central Asia","High income"
"FR",2013,64.08,86.25,61,45,64.0833333333333,"France","Europe & Central Asia","High income"
"GB",2013,94.92,93.75,96,95,94.9166666666667,"United Kingdom","Europe & Central Asia","High income"
"GH",2013,24.58,13.75,35,25,24.5833333333333,"Ghana","Sub-Saharan Africa ","Lower middle income"
"GR",2013,29.83,37.5,26,26,29.8333333333333,"Greece","Europe & Central Asia","High income"
"HU",2013,31.25,48.75,33,12,31.25,"Hungary","Europe & Central Asia","High income"
"ID",2013,22.25,18.75,33,15,22.25,"Indonesia","East Asia & Pacific","Lower middle income"
"IE",2013,33.33,30,42,28,33.3333333333333,"Ireland","Europe & Central Asia","High income"
"IL",2013,46.25,53.75,32,53,46.25,"Israel","Middle East & North Africa","High income"
"IN",2013,34,25,52,25,34,"India","South Asia","Lower middle income"
"IS",2013,52.67,60,66,32,52.6666666666667,"Iceland","Europe & Central Asia","High income"
"IT",2013,42.17,32.5,38,56,42.1666666666667,"Italy","Europe & Central Asia","High income"
"JM",2013,27.25,23.75,45,13,27.25,"Jamaica","Latin America & Caribbean ","Upper middle income"
"JO",2013,11.58,8.75,15,11,11.5833333333333,"Jordan","Middle East & North Africa","Upper middle income"
"JP",2013,45.5,27.5,55,54,45.5,"Japan","East Asia & Pacific","High income"
"KE",2013,46,50,48,40,46,"Kenya","Sub-Saharan Africa ","Lower middle income"
"KR",2013,53.83,52.5,50,59,53.8333333333333,"Korea, Rep.","East Asia & Pacific","High income"
"KZ",2013,33.08,31.25,45,23,33.0833333333333,"Kazakhstan","Europe & Central Asia","Upper middle income"
"MA",2013,29,25,23,39,29,"Morocco","Middle East & North Africa","Lower middle income"
"ML",2013,4.25,3.75,3,6,4.25,"Mali","Sub-Saharan Africa ","Low income"
"MU",2013,32.17,37.5,29,30,32.1666666666667,"Mauritius","Sub-Saharan Africa ","Upper middle income"
"MW",2013,14.25,8.75,21,13,14.25,"Malawi","Sub-Saharan Africa ","Low income"
"MX",2013,45.33,45,55,36,45.3333333333333,"Mexico","Latin America & Caribbean ","Upper middle income"
"NA",2013,12.33,15,13,9,12.3333333333333,"Namibia","Sub-Saharan Africa ","Upper middle income"
"NG",2013,3.83,2.5,1,8,3.83333333333333,"Nigeria","Sub-Saharan Africa ","Lower middle income"
"NL",2013,66,80,57,61,66,"Netherlands","Europe & Central Asia","High income"
"NO",2013,69.83,87.5,67,55,69.8333333333333,"Norway","Europe & Central Asia","High income"
"NP",2013,20.75,21.25,13,28,20.75,"Nepal","South Asia","Lower middle income"
"NZ",2013,63.58,63.75,75,52,63.5833333333333,"New Zealand","East Asia & Pacific","High income"
"PE",2013,24.08,11.25,37,24,24.0833333333333,"Peru","Latin America & Caribbean ","Upper middle income"
"PH",2013,22.42,11.25,20,36,22.4166666666667,"Philippines","East Asia & Pacific","Lower middle income"
"PK",2013,15.42,21.25,12,13,15.4166666666667,"Pakistan","South Asia","Lower middle income"
"PT",2013,39.67,55,40,24,39.6666666666667,"Portugal","Europe & Central Asia","High income"
"QA",2013,15.17,22.5,19,4,15.1666666666667,"Qatar","Middle East & North Africa","High income"
"RU",2013,40.5,37.5,47,37,40.5,"Russian Federation","Europe & Central Asia","Upper middle income"
"RW",2013,28.92,23.75,57,6,28.9166666666667,"Rwanda","Sub-Saharan Africa ","Low income"
"SA",2013,5.67,10,6,1,5.66666666666667,"Saudi Arabia","Middle East & North Africa","High income"
"SE",2013,80.17,87.5,67,86,80.1666666666667,"Sweden","Europe & Central Asia","High income"
"SG",2013,36.08,36.25,42,30,36.0833333333333,"Singapore","East Asia & Pacific","High income"
"SN",2013,8,5,8,11,8,"Senegal","Sub-Saharan Africa ","Lower middle income"
"TH",2013,39.75,41.25,43,35,39.75,"Thailand","East Asia & Pacific","Upper middle income"
"TN",2013,14.08,16.25,13,13,14.0833333333333,"Tunisia","Middle East & North Africa","Lower middle income"
"TR",2013,31.92,23.75,50,22,31.9166666666667,"Turkey","Europe & Central Asia","Upper middle income"
"TZ",2013,20.42,26.25,22,13,20.4166666666667,"Tanzania","Sub-Saharan Africa ","Lower middle income"
"UG",2013,16.5,22.5,15,12,16.5,"Uganda","Sub-Saharan Africa ","Low income"
"US",2013,83.08,86.25,90,73,83.0833333333333,"United States","North America","High income"
"UY",2013,34.58,43.75,25,35,34.5833333333333,"Uruguay","Latin America & Caribbean ","High income"
"VE",2013,17.67,20,20,13,17.6666666666667,"Venezuela, RB","Latin America & Caribbean ","Not classified"
"YE",2013,11.17,7.5,16,10,11.1666666666667,"Yemen, Rep.","Middle East & North Africa","Low income"
"ZA",2013,21.33,30,9,25,21.3333333333333,"South Africa","Sub-Saharan Africa ","Upper middle income"
"ZM",2013,8.33,5,7,13,8.33333333333333,"Zambia","Sub-Saharan Africa ","Lower middle income"
"ZW",2013,9.25,8.75,8,11,9.25,"Zimbabwe","Sub-Saharan Africa ","Lower middle income"
"AE",2014,23.67,20,36,15,23.6666666666667,"United Arab Emirates","Middle East & North Africa","High income"
"AR",2014,37,42,38,31,37,"Argentina","Latin America & Caribbean ","Upper middle income"
"AT",2014,41.67,44,28,53,41.6666666666667,"Austria","Europe & Central Asia","High income"
"AU",2014,66.33,86,55,58,66.3333333333333,"Australia","East Asia & Pacific","High income"
"BD",2014,14,15,13,14,14,"Bangladesh","South Asia","Lower middle income"
"BE",2014,31,21,33,39,31,"Belgium","Europe & Central Asia","High income"
"BF",2014,12.67,7,22,9,12.6666666666667,"Burkina Faso","Sub-Saharan Africa ","Low income"
"BH",2014,15,12,26,7,15,"Bahrain","Middle East & North Africa","High income"
"BJ",2014,18.33,15,32,8,18.3333333333333,"Benin","Sub-Saharan Africa ","Lower middle income"
"BR",2014,60.67,49,71,62,60.6666666666667,"Brazil","Latin America & Caribbean ","Upper middle income"
"BW",2014,9.67,8,11,10,9.66666666666667,"Botswana","Sub-Saharan Africa ","Upper middle income"
"CA",2014,71.67,92,72,51,71.6666666666667,"Canada","North America","High income"
"CH",2014,37.67,34,53,26,37.6666666666667,"Switzerland","Europe & Central Asia","High income"
"CL",2014,69.67,82,57,70,69.6666666666667,"Chile","Latin America & Caribbean ","High income"
"CM",2014,6.33,6,6,7,6.33333333333333,"Cameroon","Sub-Saharan Africa ","Lower middle income"
"CN",2014,25.67,20,45,12,25.6666666666667,"China","East Asia & Pacific","Upper middle income"
"CO",2014,30.67,21,44,27,30.6666666666667,"Colombia","Latin America & Caribbean ","Upper middle income"
"CR",2014,33.33,24,61,15,33.3333333333333,"Costa Rica","Latin America & Caribbean ","Upper middle income"
"CZ",2014,58.67,58,53,65,58.6666666666667,"Czech Republic","Europe & Central Asia","High income"
"DE",2014,64.33,69,65,59,64.3333333333333,"Germany","Europe & Central Asia","High income"
"DK",2014,52.33,64,51,42,52.3333333333333,"Denmark","Europe & Central Asia","High income"
"EC",2014,43,52,62,15,43,"Ecuador","Latin America & Caribbean ","Upper middle income"
"EE",2014,50,53,55,42,50,"Estonia","Europe & Central Asia","High income"
"EG",2014,18,9,20,25,18,"Egypt, Arab Rep.","Middle East & North Africa","Lower middle income"
"ES",2014,58.33,86,48,41,58.3333333333333,"Spain","Europe & Central Asia","High income"
"ET",2014,11.67,8,20,7,11.6666666666667,"Ethiopia","Sub-Saharan Africa ","Low income"
"FI",2014,52.33,67,52,38,52.3333333333333,"Finland","Europe & Central Asia","High income"
"FR",2014,71.67,75,79,61,71.6666666666667,"France","Europe & Central Asia","High income"
"GB",2014,94.67,96,92,96,94.6666666666667,"United Kingdom","Europe & Central Asia","High income"
"GH",2014,36.33,31,39,39,36.3333333333333,"Ghana","Sub-Saharan Africa ","Lower middle income"
"GR",2014,43,40,45,44,43,"Greece","Europe & Central Asia","High income"
"HT",2014,5.33,4,5,7,5.33333333333333,"Haiti","Latin America & Caribbean ","Lower middle income"
"HU",2014,37.67,44,50,19,37.6666666666667,"Hungary","Europe & Central Asia","High income"
"ID",2014,40.33,39,70,12,40.3333333333333,"Indonesia","East Asia & Pacific","Lower middle income"
"IE",2014,39.33,47,41,30,39.3333333333333,"Ireland","Europe & Central Asia","High income"
"IL",2014,50,47,45,58,50,"Israel","Middle East & North Africa","High income"
"IN",2014,37,32,54,25,37,"India","South Asia","Lower middle income"
"IS",2014,37.33,57,42,13,37.3333333333333,"Iceland","Europe & Central Asia","High income"
"IT",2014,53,52,50,57,53,"Italy","Europe & Central Asia","High income"
"JM",2014,28.33,21,52,12,28.3333333333333,"Jamaica","Latin America & Caribbean ","Upper middle income"
"JO",2014,16,8,29,11,16,"Jordan","Middle East & North Africa","Upper middle income"
"JP",2014,51.33,53,62,39,51.3333333333333,"Japan","East Asia & Pacific","High income"
"KE",2014,24.67,9,43,22,24.6666666666667,"Kenya","Sub-Saharan Africa ","Lower middle income"
"KR",2014,52.67,45,57,56,52.6666666666667,"Korea, Rep.","East Asia & Pacific","High income"
"KZ",2014,31,27,33,33,31,"Kazakhstan","Europe & Central Asia","Upper middle income"
"MA",2014,17,16,16,19,17,"Morocco","Middle East & North Africa","Lower middle income"
"ML",2014,3.33,2,2,6,3.33333333333333,"Mali","Sub-Saharan Africa ","Low income"
"MM",2014,5,4,5,6,5,"Myanmar","East Asia & Pacific","Lower middle income"
"MU",2014,26.33,21,45,13,26.3333333333333,"Mauritius","Sub-Saharan Africa ","Upper middle income"
"MW",2014,15.33,14,22,10,15.3333333333333,"Malawi","Sub-Saharan Africa ","Low income"
"MX",2014,52.33,49,56,52,52.3333333333333,"Mexico","Latin America & Caribbean ","Upper middle income"
"MY",2014,37,36,53,22,37,"Malaysia","East Asia & Pacific","Upper middle income"
"MZ",2014,23,19,39,11,23,"Mozambique","Sub-Saharan Africa ","Low income"
"NA",2014,11.67,8,17,10,11.6666666666667,"Namibia","Sub-Saharan Africa ","Upper middle income"
"NG",2014,8.67,8,8,10,8.66666666666667,"Nigeria","Sub-Saharan Africa ","Lower middle income"
"NL",2014,72.33,79,82,56,72.3333333333333,"Netherlands","Europe & Central Asia","High income"
"NO",2014,70.33,70,83,58,70.3333333333333,"Norway","Europe & Central Asia","High income"
"NP",2014,17.67,16,10,27,17.6666666666667,"Nepal","South Asia","Lower middle income"
"NZ",2014,83.67,76,83,92,83.6666666666667,"New Zealand","East Asia & Pacific","High income"
"PE",2014,48.33,53,67,25,48.3333333333333,"Peru","Latin America & Caribbean ","Upper middle income"
"PH",2014,19.67,10,22,27,19.6666666666667,"Philippines","East Asia & Pacific","Lower middle income"
"PK",2014,13.33,18,9,13,13.3333333333333,"Pakistan","South Asia","Lower middle income"
"PL",2014,45,41,59,35,45,"Poland","Europe & Central Asia","High income"
"PT",2014,48.67,67,42,37,48.6666666666667,"Portugal","Europe & Central Asia","High income"
"QA",2014,12,12,14,10,12,"Qatar","Middle East & North Africa","High income"
"RU",2014,47.33,35,69,38,47.3333333333333,"Russian Federation","Europe & Central Asia","Upper middle income"
"RW",2014,35.33,39,46,21,35.3333333333333,"Rwanda","Sub-Saharan Africa ","Low income"
"SA",2014,17,13,30,8,17,"Saudi Arabia","Middle East & North Africa","High income"
"SE",2014,73,67,81,71,73,"Sweden","Europe & Central Asia","High income"
"SG",2014,39.33,39,57,22,39.3333333333333,"Singapore","East Asia & Pacific","High income"
"SL",2014,10.67,4,8,20,10.6666666666667,"Sierra Leone","Sub-Saharan Africa ","Low income"
"SN",2014,10.33,7,16,8,10.3333333333333,"Senegal","Sub-Saharan Africa ","Lower middle income"
"TH",2014,22.33,18,28,21,22.3333333333333,"Thailand","East Asia & Pacific","Upper middle income"
"TN",2014,20.67,24,25,13,20.6666666666667,"Tunisia","Middle East & North Africa","Lower middle income"
"TR",2014,35.67,32,47,28,35.6666666666667,"Turkey","Europe & Central Asia","Upper middle income"
"TZ",2014,16.67,9,27,14,16.6666666666667,"Tanzania","Sub-Saharan Africa ","Lower middle income"
"UA",2014,24,31,19,22,24,"Ukraine","Europe & Central Asia","Lower middle income"
"UG",2014,18.67,20,23,13,18.6666666666667,"Uganda","Sub-Saharan Africa ","Low income"
"US",2014,84,95,77,80,84,"United States","North America","High income"
"UY",2014,50,48,63,39,50,"Uruguay","Latin America & Caribbean ","High income"
"VE",2014,17.67,21,22,10,17.6666666666667,"Venezuela, RB","Latin America & Caribbean ","Not classified"
"VN",2014,26.67,20,42,18,26.6666666666667,"Vietnam","East Asia & Pacific","Lower middle income"
"YE",2014,9.33,8,9,11,9.33333333333333,"Yemen, Rep.","Middle East & North Africa","Low income"
"ZA",2014,32,37,25,34,32,"South Africa","Sub-Saharan Africa ","Upper middle income"
"ZM",2014,10.67,15,7,10,10.6666666666667,"Zambia","Sub-Saharan Africa ","Lower middle income"
"ZW",2014,12.67,13,13,12,12.6666666666667,"Zimbabwe","Sub-Saharan Africa ","Lower middle income"
"AE",2015,32,31,46,19,32,"United Arab Emirates","Middle East & North Africa","High income"
"AR",2015,25.33,23,20,33,25.3333333333333,"Argentina","Latin America & Caribbean ","Upper middle income"
"AT",2015,49.67,73,35,41,49.6666666666667,"Austria","Europe & Central Asia","High income"
"AU",2015,73.67,85,75,61,73.6666666666667,"Australia","East Asia & Pacific","High income"
"BD",2015,13,15,11,13,13,"Bangladesh","South Asia","Lower middle income"
"BE",2015,48.33,47,49,49,48.3333333333333,"Belgium","Europe & Central Asia","High income"
"BF",2015,13.67,9,19,13,13.6666666666667,"Burkina Faso","Sub-Saharan Africa ","Low income"
"BH",2015,24,21,39,12,24,"Bahrain","Middle East & North Africa","High income"
"BJ",2015,18.33,18,17,20,18.3333333333333,"Benin","Sub-Saharan Africa ","Lower middle income"
"BR",2015,76.33,63,88,78,76.3333333333333,"Brazil","Latin America & Caribbean ","Upper middle income"
"BW",2015,11.33,10,13,11,11.3333333333333,"Botswana","Sub-Saharan Africa ","Upper middle income"
"CA",2015,80,95,84,61,80,"Canada","North America","High income"
"CH",2015,57,67,68,36,57,"Switzerland","Europe & Central Asia","High income"
"CL",2015,51.33,59,44,51,51.3333333333333,"Chile","Latin America & Caribbean ","High income"
"CM",2015,13.67,14,16,11,13.6666666666667,"Cameroon","Sub-Saharan Africa ","Lower middle income"
"CN",2015,20,22,28,10,20,"China","East Asia & Pacific","Upper middle income"
"CO",2015,48,64,41,39,48,"Colombia","Latin America & Caribbean ","Upper middle income"
"CR",2015,40,41,39,40,40,"Costa Rica","Latin America & Caribbean ","Upper middle income"
"CZ",2015,44,47,33,52,44,"Czech Republic","Europe & Central Asia","High income"
"DE",2015,68.33,75,75,55,68.3333333333333,"Germany","Europe & Central Asia","High income"
"DK",2015,73.33,76,87,57,73.3333333333333,"Denmark","Europe & Central Asia","High income"
"EC",2015,43,31,56,42,43,"Ecuador","Latin America & Caribbean ","Upper middle income"
"EE",2015,52.33,52,67,38,52.3333333333333,"Estonia","Europe & Central Asia","High income"
"EG",2015,16.33,10,16,23,16.3333333333333,"Egypt, Arab Rep.","Middle East & North Africa","Lower middle income"
"ES",2015,56,53,62,53,56,"Spain","Europe & Central Asia","High income"
"ET",2015,10.33,9,11,11,10.3333333333333,"Ethiopia","Sub-Saharan Africa ","Low income"
"FI",2015,63.33,73,63,54,63.3333333333333,"Finland","Europe & Central Asia","High income"
"FR",2015,73,79,79,61,73,"France","Europe & Central Asia","High income"
"GB",2015,93.67,93,95,93,93.6666666666667,"United Kingdom","Europe & Central Asia","High income"
"GE",2015,20,13,34,13,20,"Georgia","Europe & Central Asia","Upper middle income"
"GH",2015,9.67,8,10,11,9.66666666666667,"Ghana","Sub-Saharan Africa ","Lower middle income"
"GR",2015,40.33,52,46,23,40.3333333333333,"Greece","Europe & Central Asia","High income"
"HT",2015,7,7,6,8,7,"Haiti","Latin America & Caribbean ","Lower middle income"
"HU",2015,36.33,45,51,13,36.3333333333333,"Hungary","Europe & Central Asia","High income"
"ID",2015,38.33,48,46,21,38.3333333333333,"Indonesia","East Asia & Pacific","Lower middle income"
"IE",2015,52.33,57,74,26,52.3333333333333,"Ireland","Europe & Central Asia","High income"
"IL",2015,39,37,38,42,39,"Israel","Middle East & North Africa","High income"
"IN",2015,41,47,54,22,41,"India","South Asia","Lower middle income"
"IS",2015,60.67,73,64,45,60.6666666666667,"Iceland","Europe & Central Asia","High income"
"IT",2015,51.67,45,56,54,51.6666666666667,"Italy","Europe & Central Asia","High income"
"JM",2015,19.33,25,21,12,19.3333333333333,"Jamaica","Latin America & Caribbean ","Upper middle income"
"JO",2015,13.67,15,13,13,13.6666666666667,"Jordan","Middle East & North Africa","Upper middle income"
"JP",2015,53.33,61,48,51,53.3333333333333,"Japan","East Asia & Pacific","High income"
"KE",2015,30.33,15,32,44,30.3333333333333,"Kenya","Sub-Saharan Africa ","Lower middle income"
"KR",2015,62.67,60,76,52,62.6666666666667,"Korea, Rep.","East Asia & Pacific","High income"
"KZ",2015,31,20,42,31,31,"Kazakhstan","Europe & Central Asia","Upper middle income"
"LC",2015,19.33,19,26,13,19.3333333333333,"St. Lucia","Latin America & Caribbean ","Upper middle income"
"MA",2015,18,13,28,13,18,"Morocco","Middle East & North Africa","Lower middle income"
"MD",2015,45.33,54,52,30,45.3333333333333,"Moldova","Europe & Central Asia","Upper middle income"
"MK",2015,43.67,33,62,36,43.6666666666667,"North Macedonia","Europe & Central Asia","Upper middle income"
"ML",2015,9.33,6,13,9,9.33333333333333,"Mali","Sub-Saharan Africa ","Low income"
"MM",2015,16.67,18,24,8,16.6666666666667,"Myanmar","East Asia & Pacific","Lower middle income"
"MU",2015,32,30,43,23,32,"Mauritius","Sub-Saharan Africa ","Upper middle income"
"MW",2015,15.67,25,11,11,15.6666666666667,"Malawi","Sub-Saharan Africa ","Low income"
"MX",2015,56,62,54,52,56,"Mexico","Latin America & Caribbean ","Upper middle income"
"MY",2015,22,30,23,13,22,"Malaysia","East Asia & Pacific","Upper middle income"
"MZ",2015,15,23,14,8,15,"Mozambique","Sub-Saharan Africa ","Low income"
"NA",2015,10,10,9,11,10,"Namibia","Sub-Saharan Africa ","Upper middle income"
"NG",2015,18.67,10,35,11,18.6666666666667,"Nigeria","Sub-Saharan Africa ","Lower middle income"
"NL",2015,66.67,60,85,55,66.6666666666667,"Netherlands","Europe & Central Asia","High income"
"NO",2015,57,71,62,38,57,"Norway","Europe & Central Asia","High income"
"NP",2015,17.67,17,10,26,17.6666666666667,"Nepal","South Asia","Lower middle income"
"NZ",2015,60.33,51,78,52,60.3333333333333,"New Zealand","East Asia & Pacific","High income"
"PE",2015,42.33,51,43,33,42.3333333333333,"Peru","Latin America & Caribbean ","Upper middle income"
"PH",2015,34.67,49,26,29,34.6666666666667,"Philippines","East Asia & Pacific","Lower middle income"
"PK",2015,10,12,5,13,10,"Pakistan","South Asia","Lower middle income"
"PL",2015,43.67,33,69,29,43.6666666666667,"Poland","Europe & Central Asia","High income"
"PT",2015,46,54,58,26,46,"Portugal","Europe & Central Asia","High income"
"PY",2015,20.67,18,7,37,20.6666666666667,"Paraguay","Latin America & Caribbean ","Upper middle income"
"QA",2015,17,13,31,7,17,"Qatar","Middle East & North Africa","High income"
"RU",2015,34,40,49,13,34,"Russian Federation","Europe & Central Asia","Upper middle income"
"RW",2015,38,20,62,32,38,"Rwanda","Sub-Saharan Africa ","Low income"
"SA",2015,21.33,31,24,9,21.3333333333333,"Saudi Arabia","Middle East & North Africa","High income"
"SE",2015,59,62,79,36,59,"Sweden","Europe & Central Asia","High income"
"SG",2015,51.33,64,67,23,51.3333333333333,"Singapore","East Asia & Pacific","High income"
"SK",2015,35.67,32,39,36,35.6666666666667,"Slovak Republic","Europe & Central Asia","High income"
"SL",2015,8.33,7,9,9,8.33333333333333,"Sierra Leone","Sub-Saharan Africa ","Low income"
"SN",2015,17,18,22,11,17,"Senegal","Sub-Saharan Africa ","Lower middle income"
"TH",2015,23.33,25,32,13,23.3333333333333,"Thailand","East Asia & Pacific","Upper middle income"
"TN",2015,36.67,38,51,21,36.6666666666667,"Tunisia","Middle East & North Africa","Lower middle income"
"TR",2015,38,44,47,23,38,"Turkey","Europe & Central Asia","Upper middle income"
"TZ",2015,18.67,10,35,11,18.6666666666667,"Tanzania","Sub-Saharan Africa ","Lower middle income"
"UA",2015,22,32,11,23,22,"Ukraine","Europe & Central Asia","Lower middle income"
"UG",2015,14.67,20,13,11,14.6666666666667,"Uganda","Sub-Saharan Africa ","Low income"
"US",2015,72.67,81,70,67,72.6666666666667,"United States","North America","High income"
"UY",2015,63.67,68,83,40,63.6666666666667,"Uruguay","Latin America & Caribbean ","High income"
"VE",2015,15.67,20,20,7,15.6666666666667,"Venezuela, RB","Latin America & Caribbean ","Not classified"
"VN",2015,27,19,36,26,27,"Vietnam","East Asia & Pacific","Lower middle income"
"YE",2015,10.33,10,9,12,10.3333333333333,"Yemen, Rep.","Middle East & North Africa","Low income"
"ZA",2015,24.67,38,13,23,24.6666666666667,"South Africa","Sub-Saharan Africa ","Upper middle income"
"ZM",2015,9.67,8,10,11,9.66666666666667,"Zambia","Sub-Saharan Africa ","Lower middle income"
"ZW",2015,9.33,7,10,11,9.33333333333333,"Zimbabwe","Sub-Saharan Africa ","Lower middle income"
"AE",2016,25.67,20,34,23,25.6666666666667,"United Arab Emirates","Middle East & North Africa","High income"
"AL",2016,37.33,25,46,41,37.3333333333333,"Albania","Europe & Central Asia","Upper middle income"
"AR",2016,35.67,45,39,23,35.6666666666667,"Argentina","Latin America & Caribbean ","Upper middle income"
"AT",2016,53.33,73,47,40,53.3333333333333,"Austria","Europe & Central Asia","High income"
"AU",2016,72,79,76,61,72,"Australia","East Asia & Pacific","High income"
"BA",2016,11.67,11,11,13,11.6666666666667,"Bosnia and Herzegovina","Europe & Central Asia","Upper middle income"
"BD",2016,11,15,9,9,11,"Bangladesh","South Asia","Lower middle income"
"BE",2016,38.33,41,39,35,38.3333333333333,"Belgium","Europe & Central Asia","High income"
"BF",2016,19.33,11,34,13,19.3333333333333,"Burkina Faso","Sub-Saharan Africa ","Low income"
"BG",2016,44.33,18,61,54,44.3333333333333,"Bulgaria","Europe & Central Asia","Upper middle income"
"BH",2016,23.33,26,18,26,23.3333333333333,"Bahrain","Middle East & North Africa","High income"
"BJ",2016,16.67,19,20,11,16.6666666666667,"Benin","Sub-Saharan Africa ","Lower middle income"
"BO",2016,36.33,38,48,23,36.3333333333333,"Bolivia","Latin America & Caribbean ","Lower middle income"
"BR",2016,52.33,53,55,49,52.3333333333333,"Brazil","Latin America & Caribbean ","Upper middle income"
"BW",2016,9.67,9,11,9,9.66666666666667,"Botswana","Sub-Saharan Africa ","Upper middle income"
"BY",2016,14.67,18,13,13,14.6666666666667,"Belarus","Europe & Central Asia","Upper middle income"
"CA",2016,79.67,87,66,86,79.6666666666667,"Canada","North America","High income"
"CD",2016,13.33,24,9,7,13.3333333333333,"Congo, Dem. Rep.","Sub-Saharan Africa ","Low income"
"CH",2016,48.67,61,59,26,48.6666666666667,"Switzerland","Europe & Central Asia","High income"
"CI",2016,11.67,13,11,11,11.6666666666667,"Cote d'Ivoire","Sub-Saharan Africa ","Lower middle income"
"CL",2016,53.67,60,51,50,53.6666666666667,"Chile","Latin America & Caribbean ","High income"
"CM",2016,10,10,11,9,10,"Cameroon","Sub-Saharan Africa ","Lower middle income"
"CN",2016,14.67,13,23,8,14.6666666666667,"China","East Asia & Pacific","Upper middle income"
"CO",2016,42,51,42,33,42,"Colombia","Latin America & Caribbean ","Upper middle income"
"CR",2016,30,24,36,30,30,"Costa Rica","Latin America & Caribbean ","Upper middle income"
"CZ",2016,43.67,66,32,33,43.6666666666667,"Czech Republic","Europe & Central Asia","High income"
"DE",2016,65,76,64,55,65,"Germany","Europe & Central Asia","High income"
"DK",2016,66.67,71,87,42,66.6666666666667,"Denmark","Europe & Central Asia","High income"
"DO",2016,33.33,35,42,23,33.3333333333333,"Dominican Republic","Latin America & Caribbean ","Upper middle income"
"EC",2016,29.33,33,22,33,29.3333333333333,"Ecuador","Latin America & Caribbean ","Upper middle income"
"EE",2016,44.33,44,57,32,44.3333333333333,"Estonia","Europe & Central Asia","High income"
"EG",2016,18,13,20,21,18,"Egypt, Arab Rep.","Middle East & North Africa","Lower middle income"
"ES",2016,55.67,60,61,46,55.6666666666667,"Spain","Europe & Central Asia","High income"
"ET",2016,13.33,9,22,9,13.3333333333333,"Ethiopia","Sub-Saharan Africa ","Low income"
"FI",2016,56.67,55,77,38,56.6666666666667,"Finland","Europe & Central Asia","High income"
"FR",2016,66.33,77,70,52,66.3333333333333,"France","Europe & Central Asia","High income"
"GB",2016,91,94,86,93,91,"United Kingdom","Europe & Central Asia","High income"
"GE",2016,44,36,67,29,44,"Georgia","Europe & Central Asia","Upper middle income"
"GH",2016,15,9,25,11,15,"Ghana","Sub-Saharan Africa ","Lower middle income"
"GR",2016,38.33,38,39,38,38.3333333333333,"Greece","Europe & Central Asia","High income"
"GT",2016,30.67,25,44,23,30.6666666666667,"Guatemala","Latin America & Caribbean ","Upper middle income"
"HR",2016,26.33,28,31,20,26.3333333333333,"Croatia","Europe & Central Asia","High income"
"HT",2016,11.33,9,7,18,11.3333333333333,"Haiti","Latin America & Caribbean ","Lower middle income"
"HU",2016,32.33,37,51,9,32.3333333333333,"Hungary","Europe & Central Asia","High income"
"ID",2016,39.33,54,42,22,39.3333333333333,"Indonesia","East Asia & Pacific","Lower middle income"
"IE",2016,49,62,51,34,49,"Ireland","Europe & Central Asia","High income"
"IL",2016,37.33,50,39,23,37.3333333333333,"Israel","Middle East & North Africa","High income"
"IN",2016,33.33,29,48,23,33.3333333333333,"India","South Asia","Lower middle income"
"IS",2016,46,56,49,33,46,"Iceland","Europe & Central Asia","High income"
"IT",2016,49.67,39,63,47,49.6666666666667,"Italy","Europe & Central Asia","High income"
"JM",2016,35.67,37,46,24,35.6666666666667,"Jamaica","Latin America & Caribbean ","Upper middle income"
"JO",2016,15.33,13,20,13,15.3333333333333,"Jordan","Middle East & North Africa","Upper middle income"
"JP",2016,57,67,60,44,57,"Japan","East Asia & Pacific","High income"
"KE",2016,24.33,15,37,21,24.3333333333333,"Kenya","Sub-Saharan Africa ","Lower middle income"
"KG",2016,16.67,11,26,13,16.6666666666667,"Kyrgyz Republic","Europe & Central Asia","Lower middle income"
"KR",2016,56.33,62,59,48,56.3333333333333,"Korea, Rep.","East Asia & Pacific","High income"
"KZ",2016,33,29,46,24,33,"Kazakhstan","Europe & Central Asia","Upper middle income"
"LB",2016,12,7,20,9,12,"Lebanon","Middle East & North Africa","Upper middle income"
"LC",2016,14.67,20,13,11,14.6666666666667,"St. Lucia","Latin America & Caribbean ","Upper middle income"
"LV",2016,42.33,34,53,40,42.3333333333333,"Latvia","Europe & Central Asia","High income"
"MA",2016,16.33,13,23,13,16.3333333333333,"Morocco","Middle East & North Africa","Lower middle income"
"MD",2016,52,59,61,36,52,"Moldova","Europe & Central Asia","Upper middle income"
"ME",2016,17,17,25,9,17,"Montenegro","Europe & Central Asia","Upper middle income"
"MK",2016,31,30,42,21,31,"North Macedonia","Europe & Central Asia","Upper middle income"
"ML",2016,8.67,8,10,8,8.66666666666667,"Mali","Sub-Saharan Africa ","Low income"
"MM",2016,10.67,8,15,9,10.6666666666667,"Myanmar","East Asia & Pacific","Lower middle income"
"MU",2016,34,33,56,13,34,"Mauritius","Sub-Saharan Africa ","Upper middle income"
"MW",2016,19.33,20,29,9,19.3333333333333,"Malawi","Sub-Saharan Africa ","Low income"
"MX",2016,55,58,58,49,55,"Mexico","Latin America & Caribbean ","Upper middle income"
"MY",2016,22.67,21,34,13,22.6666666666667,"Malaysia","East Asia & Pacific","Upper middle income"
"MZ",2016,9.33,9,10,9,9.33333333333333,"Mozambique","Sub-Saharan Africa ","Low income"
"NA",2016,13,10,8,21,13,"Namibia","Sub-Saharan Africa ","Upper middle income"
"NG",2016,11.67,13,11,11,11.6666666666667,"Nigeria","Sub-Saharan Africa ","Lower middle income"
"NL",2016,60.67,59,63,60,60.6666666666667,"Netherlands","Europe & Central Asia","High income"
"NO",2016,66.33,86,70,43,66.3333333333333,"Norway","Europe & Central Asia","High income"
"NP",2016,18,8,7,39,18,"Nepal","South Asia","Lower middle income"
"NZ",2016,55.33,53,63,50,55.3333333333333,"New Zealand","East Asia & Pacific","High income"
"PA",2016,18.33,21,13,21,18.3333333333333,"Panama","Latin America & Caribbean ","Upper middle income"
"PE",2016,38,27,50,37,38,"Peru","Latin America & Caribbean ","Upper middle income"
"PH",2016,41,59,28,36,41,"Philippines","East Asia & Pacific","Lower middle income"
"PK",2016,9,13,5,9,9,"Pakistan","South Asia","Lower middle income"
"PL",2016,26.33,33,22,24,26.3333333333333,"Poland","Europe & Central Asia","High income"
"PS",2016,12,10,13,13,12,"West Bank and Gaza","Middle East & North Africa","Lower middle income"
"PT",2016,46,67,60,11,46,"Portugal","Europe & Central Asia","High income"
"PY",2016,34,45,17,40,34,"Paraguay","Latin America & Caribbean ","Upper middle income"
"QA",2016,21.67,20,39,6,21.6666666666667,"Qatar","Middle East & North Africa","High income"
"RS",2016,26.33,16,37,26,26.3333333333333,"Serbia","Europe & Central Asia","Upper middle income"
"RU",2016,51.67,60,59,36,51.6666666666667,"Russian Federation","Europe & Central Asia","Upper middle income"
"RW",2016,28.67,34,21,31,28.6666666666667,"Rwanda","Sub-Saharan Africa ","Low income"
"SA",2016,18.33,32,15,8,18.3333333333333,"Saudi Arabia","Middle East & North Africa","High income"
"SE",2016,65.67,72,80,45,65.6666666666667,"Sweden","Europe & Central Asia","High income"
"SG",2016,45.33,58,57,21,45.3333333333333,"Singapore","East Asia & Pacific","High income"
"SK",2016,42.67,52,26,50,42.6666666666667,"Slovak Republic","Europe & Central Asia","High income"
"SL",2016,10,8,11,11,10,"Sierra Leone","Sub-Saharan Africa ","Low income"
"SN",2016,13.33,18,11,11,13.3333333333333,"Senegal","Sub-Saharan Africa ","Lower middle income"
"SV",2016,23,36,22,11,23,"El Salvador","Latin America & Caribbean ","Lower middle income"
"SZ",2016,6,6,7,5,6,"Eswatini","Sub-Saharan Africa ","Lower middle income"
"TG",2016,26.33,6,47,26,26.3333333333333,"Togo","Sub-Saharan Africa ","Low income"
"TH",2016,32.67,13,50,35,32.6666666666667,"Thailand","East Asia & Pacific","Upper middle income"
"TJ",2016,18,16,29,9,18,"Tajikistan","Europe & Central Asia","Lower middle income"
"TN",2016,33.33,35,30,35,33.3333333333333,"Tunisia","Middle East & North Africa","Lower middle income"
"TR",2016,50.67,46,64,42,50.6666666666667,"Turkey","Europe & Central Asia","Upper middle income"
"TT",2016,16,13,22,13,16,"Trinidad and Tobago","Latin America & Caribbean ","High income"
"TZ",2016,20.67,13,40,9,20.6666666666667,"Tanzania","Sub-Saharan Africa ","Lower middle income"
"UA",2016,35.67,34,23,50,35.6666666666667,"Ukraine","Europe & Central Asia","Lower middle income"
"UG",2016,15.67,24,11,12,15.6666666666667,"Uganda","Sub-Saharan Africa ","Low income"
"US",2016,66,84,63,51,66,"United States","North America","High income"
"UY",2016,60,66,56,58,60,"Uruguay","Latin America & Caribbean ","High income"
"VE",2016,22,29,28,9,22,"Venezuela, RB","Latin America & Caribbean ","Not classified"
"VN",2016,21,18,19,26,21,"Vietnam","East Asia & Pacific","Lower middle income"
"XK",2016,23.67,38,22,11,23.6666666666667,"Kosovo","Europe & Central Asia","Upper middle income"
"YE",2016,11,6,16,11,11,"Yemen, Rep.","Middle East & North Africa","Low income"
"ZA",2016,30,30,24,36,30,"South Africa","Sub-Saharan Africa ","Upper middle income"
"ZM",2016,10,8,11,11,10,"Zambia","Sub-Saharan Africa ","Lower middle income"
"ZW",2016,9.33,7,10,11,9.33333333333333,"Zimbabwe","Sub-Saharan Africa ","Lower middle income"
"AR",2017,56,70,42,56,NA,"Argentina","Latin America & Caribbean ","Upper middle income"
"AU",2017,84,91,90,70,NA,"Australia","East Asia & Pacific","High income"
"BR",2017,56,45,61,62,NA,"Brazil","Latin America & Caribbean ","Upper middle income"
"CA",2017,87,93,83,85,NA,"Canada","North America","High income"
"CL",2017,55,63,50,52,NA,"Chile","Latin America & Caribbean ","High income"
"CN",2017,38,44,47,23,NA,"China","East Asia & Pacific","Upper middle income"
"CO",2017,60,59,70,52,NA,"Colombia","Latin America & Caribbean ","Upper middle income"
"CR",2017,43,38,53,38,NA,"Costa Rica","Latin America & Caribbean ","Upper middle income"
"DE",2017,72,77,74,65,NA,"Germany","Europe & Central Asia","High income"
"FR",2017,77,85,74,71,NA,"France","Europe & Central Asia","High income"
"GB",2017,89,92,85,91,NA,"United Kingdom","Europe & Central Asia","High income"
"GT",2017,37,44,36,31,NA,"Guatemala","Latin America & Caribbean ","Upper middle income"
"ID",2017,45,54,47,35,NA,"Indonesia","East Asia & Pacific","Lower middle income"
"IN",2017,49,53,42,52,NA,"India","South Asia","Lower middle income"
"IT",2017,61,59,68,57,NA,"Italy","Europe & Central Asia","High income"
"JP",2017,68,65,66,74,NA,"Japan","East Asia & Pacific","High income"
"KR",2017,67,81,73,46,NA,"Korea, Rep.","East Asia & Pacific","High income"
"MX",2017,67,73,55,74,NA,"Mexico","Latin America & Caribbean ","Upper middle income"
"NZ",2017,72,74,76,65,NA,"New Zealand","East Asia & Pacific","High income"
"PA",2017,42,36,55,36,NA,"Panama","Latin America & Caribbean ","Upper middle income"
"PH",2017,42,46,39,41,NA,"Philippines","East Asia & Pacific","Lower middle income"
"PY",2017,45,54,26,54,NA,"Paraguay","Latin America & Caribbean ","Upper middle income"
"RU",2017,59,73,59,45,NA,"Russian Federation","Europe & Central Asia","Upper middle income"
"SA",2017,32,40,40,17,NA,"Saudi Arabia","Middle East & North Africa","High income"
"SL",2017,23,16,23,31,NA,"Sierra Leone","Sub-Saharan Africa ","Low income"
"TR",2017,53,51,65,44,NA,"Turkey","Europe & Central Asia","Upper middle income"
"UA",2017,52,57,36,62,NA,"Ukraine","Europe & Central Asia","Lower middle income"
"US",2017,76,90,72,66,NA,"United States","North America","High income"
"UY",2017,70,72,72,65,NA,"Uruguay","Latin America & Caribbean ","High income"
"ZA",2017,37,40,28,43,NA,"South Africa","Sub-Saharan Africa ","Upper middle income"
"AR",2020,75.33,85,55,86,75.3333333333334,"Argentina","Latin America & Caribbean ","Upper middle income"
"BO",2020,58.67,52,89,35,58.6666666666667,"Bolivia","Latin America & Caribbean ","Lower middle income"
"BR",2020,87.33,84,86,92,87.3333333333334,"Brazil","Latin America & Caribbean ","Upper middle income"
"BS",2020,37,41,29,41,37,"Bahamas, The","Latin America & Caribbean ","High income"
"BZ",2020,37.67,46,29,38,37.6666666666667,"Belize","Latin America & Caribbean ","Lower middle income"
"CL",2020,75.67,84,70,73,75.6666666666667,"Chile","Latin America & Caribbean ","High income"
"CO",2020,75.67,78,90,59,75.6666666666667,"Colombia","Latin America & Caribbean ","Upper middle income"
"CR",2020,66.67,76,43,81,66.6666666666667,"Costa Rica","Latin America & Caribbean ","Upper middle income"
"DO",2020,58.33,53,62,60,58.3333333333333,"Dominican Republic","Latin America & Caribbean ","Upper middle income"
"EC",2020,60.33,57,66,58,60.3333333333333,"Ecuador","Latin America & Caribbean ","Upper middle income"
"GT",2020,49,41,44,62,49,"Guatemala","Latin America & Caribbean ","Upper middle income"
"GY",2020,42.67,48,51,29,42.6666666666667,"Guyana","Latin America & Caribbean ","Upper middle income"
"HN",2020,50,51,39,60,50,"Honduras","Latin America & Caribbean ","Lower middle income"
"HT",2020,30.33,38,10,43,30.3333333333333,"Haiti","Latin America & Caribbean ","Lower middle income"
"JM",2020,54.67,63,63,38,54.6666666666667,"Jamaica","Latin America & Caribbean ","Upper middle income"
"LC",2020,42.33,46,43,38,42.3333333333333,"St. Lucia","Latin America & Caribbean ","Upper middle income"
"MX",2020,73.33,91,66,63,73.3333333333334,"Mexico","Latin America & Caribbean ","Upper middle income"
"NI",2020,30.67,32,27,33,30.6666666666667,"Nicaragua","Latin America & Caribbean ","Lower middle income"
"PA",2020,67.67,66,66,71,67.6666666666667,"Panama","Latin America & Caribbean ","Upper middle income"
"PE",2020,68.33,55,63,87,68.3333333333334,"Peru","Latin America & Caribbean ","Upper middle income"
"PY",2020,60.33,61,37,83,60.3333333333333,"Paraguay","Latin America & Caribbean ","Upper middle income"
"SV",2020,46.67,57,28,55,46.6666666666667,"El Salvador","Latin America & Caribbean ","Lower middle income"
"TT",2020,48.67,56,41,49,48.6666666666667,"Trinidad and Tobago","Latin America & Caribbean ","High income"
"UY",2020,82.33,81,79,87,82.3333333333334,"Uruguay","Latin America & Caribbean ","High income"
